1,John Doe,30,123-456-7890,New York,02-03-2024 08:00
2,Jane Smith,25,987-654-3210,Los Angeles,02-03-2024 08:05
3,Michael Johnson,40,555-555-5555,Chicago,02-03-2024 08:10
4,Emily Brown,35,111-222-3333,Houston,02-03-2024 08:15
5,David Williams,28,444-444-4444,Miami,02-03-2024 08:20
6,Sarah Davis,33,666-666-6666,San Francisco,02-03-2024 08:25
7,Robert Martinez,45,999-999-9999,Seattle,02-03-2024 08:30
8,Lisa Rodriguez,29,777-777-7777,Boston,02-03-2024 08:35
9,James Taylor,32,888-888-8888,Dallas,02-03-2024 08:40
10,Michelle Jackson,27,333-333-3333,Philadelphia,02-03-2024 08:45
11,William Anderson,38,222-222-2222,Atlanta,02-03-2024 08:50
12,Amanda Wilson,31,555-555-5555,Phoenix,02-03-2024 08:55
13,Christopher Thomas,36,444-444-4444,Detroit,02-03-2024 09:00
14,Stephanie White,26,777-777-7777,Denver,02-03-2024 09:05
15,Nicholas Garcia,41,666-666-6666,San Diego,02-03-2024 09:10
16,Rebecca Hernandez,34,888-888-8888,Washington D.C.,02-03-2024 09:15
17,Kevin Lopez,39,123-456-7890,San Antonio,02-03-2024 09:20
18,Cynthia Young,24,987-654-3210,Minneapolis,02-03-2024 09:25
19,Matthew King,42,111-222-3333,Portland,02-03-2024 09:30
20,Ashley Lee,23,555-555-5555,Las Vegas,02-03-2024 09:35
21,Brian Perez,37,444-444-4444,Charlotte,02-03-2024 09:40
22,Danielle Taylor,43,666-666-6666,San Jose,02-03-2024 09:45
23,Richard Martinez,22,999-999-9999,Orlando,02-03-2024 09:50
24,Heather Scott,47,777-777-7777,Indianapolis,02-03-2024 09:55
25,Brandon Clark,21,888-888-8888,Tampa,02-03-2024 10:00
26,Tiffany Lewis,46,333-333-3333,Austin,02-03-2024 10:05
27,Daniel Walker,20,222-222-2222,Raleigh,02-03-2024 10:10
28,Kimberly Hall,44,555-555-5555,Nashville,02-03-2024 10:15
29,Jeremy Allen,19,777-777-7777,Memphis,02-03-2024 10:20
30,Christina Young,48,666-666-6666,Sacramento,02-03-2024 10:25
31,Eric Wright,18,999-999-9999,Kansas City,02-03-2024 10:30
32,Angela Green,49,777-777-7777,Oklahoma City,02-03-2024 10:35
33,Justin Hill,17,888-888-8888,Columbus,02-03-2024 10:40
34,Melissa Baker,50,333-333-3333,St. Louis,02-03-2024 10:45
35,Adam Gonzalez,16,444-444-4444,Pittsburgh,02-03-2024 10:50
36,Stephanie Adams,51,555-555-5555,Cleveland,02-03-2024 10:55
37,Austin Campbell,15,666-666-6666,Cincinnati,02-03-2024 11:00
38,Megan Hill,52,777-777-7777,Baltimore,02-03-2024 11:05
39,Jacob Roberts,14,888-888-8888,Salt Lake City,02-03-2024 11:10
40,Kelly Cook,53,999-999-9999,Milwaukee,02-03-2024 11:15
41,Samantha Phillips,13,555-555-5555,Birmingham,02-03-2024 11:20
42,Jordan Evans,54,666-666-6666,Albuquerque,02-03-2024 11:25
43,Alexander Ross,12,777-777-7777,Tucson,02-03-2024 11:30
44,Brianna Nelson,55,888-888-8888,Fresno,02-03-2024 11:35
45,Zachary Rivera,11,999-999-9999,Honolulu,02-03-2024 11:40
46,Chelsea Cooper,56,333-333-3333,El Paso,02-03-2024 11:45
47,Cody Rivera,10,444-444-4444,Anchorage,02-03-2024 11:50
48,Monica Richardson,57,555-555-5555,Boise,02-03-2024 11:55
49,Marcus Stewart,9,666-666-6666,Richmond,02-03-2024 12:00
50,Alyssa Carter,58,777-777-7777,Louisville,02-03-2024 12:05
